[{
        "id": "👨‍👩‍👦",
        "content": "December 15, 1954\nI was born in a small town in the midwestern.\nMy parents named me Robert."

    },
    {
        "id": "⚽️",
        "content": "June 12, 1960\nMy family moved to a new town, where I started attending a new school.\nI met my best friend, and won my first soccer game. "

    },
    {
        "id": "🎒",
        "content": "September 1, 1972\nI started my first year of college, majoring in chemistry."

    },
    {
        "id": "🎓",
        "content": "May 20, 1976\nI graduated from college with a honor degree.\nI was proud of my accomplishment and excited to start my career."

    },
    {
        "id": "💍",
        "content": "November 2, 1980\nI got married to my college sweetheart, Emma.\nI'm so lucky to have her in my life."

    },
    {
        "id": "🍼",
        "content": "June 15, 1983\nMy wife and I welcomed our first child, a son whom we named Michael.\n Becoming a father was one of the happiest moments of my life."

    },
    {
        "id": "🏠",
        "content": "August 7, 1996\nMy family and I moved to a new city, and have our own house."

    },
    {
        "id": "🛫",
        "content": "June 18, 2002\nMy wife and I became empty-nesters, \nwhen our son graduated from college and moved to another state to pursue his career. "

    },
    {
        "id": "💐",
        "content": "June 25, 2020\nMy wife and I celebrated our 40th wedding anniversary.\nWe were grateful for each other's company and for the wonderful life we had built together."

    },

    {
        "id": "👼🏻",
        "content": "April 3, 2022\nI became a grandfather.\nIt was a joyous moment that made me feel proud and happy.\nI wish I could remember all these moment, forever."

    }


]
