
 

[
    {"id": "1", "text":"🍏", "price":6.89},{"id": "2", "text":"🍋", "price":2.11},{"id": "3", "text":"🍓", "price":9.12},{"id": "4", "text":"🍆", "price":1.05},{"id": "5", "text":"🥑", "price":2.14},{"id": "6", "text":"🥬", "price":5.31},{"id": "7", "text":"🌶️", "price":7.67},{"id": "8", "text":"🍌", "price":10.06},{"id": "9", "text":"🧄", "price":1.12},{"id": "10", "text":"🧅", "price":5.78},{"id": "11", "text":"🥩", "price":0.58},{"id": "12", "text":"🍗", "price":2.76},{"id": "13", "text":"🦪", "price":3.74},{"id": "14", "text":"🥜", "price":0.16},{"id": "15", "text":"🌰", "price":7.48},{"id": "16", "text":"🧃", "price":1.96},{"id": "17", "text":"🫚", "price":1.26},{"id": "18", "text":"🫐", "price":0.08},{"id": "19", "text":"🥓", "price":7.83},{"id": "20", "text":"🥚", "price":3.4},{"id": "21", "text":"🧀", "price":8.93},{"id": "22", "text":"🍇", "price":7.66},{"id": "23", "text":"🐟", "price":1.76},{"id": "24", "text":"🌷", "price":3.21},{"id": "25", "text":"🥥", "price":9.42},{"id": "26", "text":"🥐", "price":1.17},{"id": "27", "text":"🍈", "price":4.31},{"id": "28", "text":"🍟", "price":0.27},{"id": "29", "text":"🌭", "price":2.44},{"id": "30", "text":"🍠", "price":2.98},{"id": "31", "text":"🫑", "price":1.53},{"id": "32", "text":"🫛", "price":9.21},{"id": "33", "text":"🥝", "price":6.51},{"id": "34", "text":"🥭", "price":0.66},{"id": "34", "text":"🍑", "price":9.66}
    
]

